,1 week,2 weeks,3 weeks,4 weeks
MDE,0.067,0.047,0.039,0.033
New Conv. Rate,0.05335,0.05235,0.051949999999999996,0.05165
Sample Size,137084.0,276034.0,399414.0,556310.0
Days,6.8542,13.8017,19.9707,27.8155
Weeks,0.9791714285714285,1.9716714285714285,2.852957142857143,3.973642857142857
Extra conversions (monthly),2038.0,1430.0,1186.0,1004.0
